N,K,P,Network_Name,Diameter,Clustering_Coefficient,Degree_Distribution
100,5,0,Network_0,25,0.5,4:100
100,5,0.1,Network_0.1,10,0.3976666666666667,"2:1, 3:14, 4:70, 5:14, 6:1"
100,5,1,Network_1,6,0.03605555555555555,"2:15, 3:23, 4:32, 5:13, 6:14, 7:1, 8:1, 9:1"
